Node_name_1;Node_name_2;Node_name_3;Node_name_4;Article_ID_List;Node_number_1;Node_number_2;Node_number_3;Node_number_4
['nutritional'];['child'];['intervention'];;[30018221, 28722585, 16599102, 24673166];1;1;1;
['nutritional'];['child'];['child'];['food'];[29573559, 27494152, 27686370];1;1;2;1
['nutritional'];['child'];['child'];['family'];[24899905, 28285233, 28453138];1;1;2;2
['nutritional'];['child'];['child'];['child'];[30122192, 28215213, 30577546, 27790933, 26178024, 28782300, 28615374];1;1;2;3
['nutritional'];['child'];['child'];['pregnancy'];[24521434, 30316928];1;1;2;4
['nutritional'];['child'];['child'];['infection'];[29306723, 30270906, 28219148];1;1;3;5
['nutritional'];['child'];['child'];['child'];[31355164, 29295489, 22705425, 24016764, 27892446, 26643832, 28408936, 29121088, 29119823, 30517565, 29899251, 30795575, 27907279, 28445494, 30803504, 25818304, 29888858, 27405942, 21395107, 29266829, 26801150, 26418028, 29952403, 29359437, 30540004, 21806779, 26891313, 31162946];1;1;3;6
['nutritional'];['patient'];['group'];['group'];[28065217, 30746345, 31106659, 29565716, 29491270, 28741804, 26886609, 31121926, 28524705, 29896256, 30549985, 26125807, 27604180];1;2;4;7
['nutritional'];['patient'];['group'];['nutrition'];[30593213, 27296501, 27454492, 21371761, 27991477, 26395117, 28383492, 28710141, 28821393, 31422039, 27133006, 24563104, 30421984, 27417787, 30979340];1;2;4;8
['nutritional'];['patient'];['patient'];['malnutrition'];[31070050, 30462400, 29710860, 29414050, 30650558, 26967207, 25227080, 30191534, 27381508, 24388608, 30550763, 30892538, 30574767];1;2;5;9
['nutritional'];['patient'];['patient'];['patient'];[29857095, 28721579, 25420774, 27485861, 31126170, 29324061, 31443251, 23919745, 25007417, 29596313, 25268293, 31030501, 29510548, 31441844, 27928120, 29083236, 25713790, 27396530, 28573538, 28285245, 30732168, 29182777, 26936031, 30428558, 28803356, 26997391, 29948130, 29943775, 28406422, 25710080, 30639818, 22337328];1;2;5;10
['nutritional'];['patient'];['patient'];['ipi'];[31190765, 29316612, 28355769, 30884776, 30597889, 30937304, 30696022, 28100361, 31460799];1;2;5;11
['nutritional'];['patient'];['woman'];['student'];[28257032, 26731676, 26279311, 28719336, 28453140, 31091607, 27434543, 21795418, 29973012, 30386441];1;2;6;12
['nutritional'];['patient'];['woman'];['woman'];[28966290, 30269925, 25656721, 31339090, 29523852, 24585398, 30857291, 31141947, 24205052, 25382710, 30913234, 27086430, 28595782, 23173173, 30020389, 23219849, 28219147, 31368866, 29188043];1;2;6;13
['nutritional'];['patient'];['intake'];['intake'];[29561571, 27993183, 27052240, 25355468, 29185928, 25410382, 27896937, 30744268, 26159903, 30558328, 31485095, 27116240, 26394928, 29137944, 24827061, 29590715, 28182763, 23113895, 25602463, 23443832, 28967344, 24780068, 29847308, 23082631, 25719776, 26297468, 21645429, 30696516];1;2;7;14
['nutritional'];['patient'];['intake'];['patient'];[30167434, 26933634, 25830944, 25055006, 23585319];1;2;7;15
['nutritional'];['patient'];['nutritional'];['nutritional'];[31206271, 26286496, 27165559, 27310615, 29990930, 31008489, 27132122, 30176196, 29324643, 31016426, 27561320, 24460363, 27956166, 23297777, 22332084, 30652487, 30592844, 25593140, 26713276, 27900872, 29759110, 23112920, 30577445, 29252058, 26241009, 30032229, 24593850, 19183508, 27056058, 24289210, 29168183, 27005661, 30035846, 30734586, 27652583];1;2;8;16
['nutritional'];['patient'];['nutritional'];['nutritional'];[28043002, 28207371, 28392164, 28814743, 29168440, 27773477, 27440538, 29366447, 29588175, 28702094, 28491829, 27137882, 31535216, 27687521, 31159255, 30791677, 30249038, 28592102, 27615183, 18064637, 30177588, 29431318, 28937794, 29470004, 29099635, 30513732, 26025067, 21050391, 31192734, 22717202, 31534342, 28575227, 27472702, 29239581, 21913932, 25465507, 17355441, 30281246, 22462552, 28371919, 26637102, 29083848, 28482416, 29157009, 27004491, 24398167, 25680372, 26648377];1;2;8;17
['cell'];['virus'];['vaccine'];['antibody'];[30936489, 30852585, 31139189, 30096313];2;3;9;18
['cell'];['virus'];['vaccine'];['vaccine'];[31548015, 31311887, 30773402, 30733717, 30701093, 29593043, 29343428, 29114248, 28893277, 28495315, 27416077];2;3;9;19
['cell'];['virus'];['viral'];['splice'];[30651364, 30222771, 27598998];2;3;10;20
['cell'];['virus'];['viral'];['tlr'];[31078648, 30307769, 28106157];2;3;10;21
['cell'];['virus'];['viral'];['viral'];[31412245, 31562326, 31487871, 31484748, 31480293, 31210133, 30486370, 30150655, 30089163, 29698649, 29099809, 28665721, 27758749, 27690375, 27618691, 31554680];2;3;10;22
['cell'];['virus'];['viral'];['ebna'];[28284242];2;3;10;23
['cell'];['virus'];['viral'];['lasv'];[30556415, 30901952, 30818370, 30419076];2;3;10;24
['cell'];['virus'];['hiv'];['hiv'];[31468517, 31433761, 31100082, 30889861, 30674627, 30597859, 29464785, 29764952, 29690575, 29415518, 28957419, 28842659, 28701698, 28539453, 27559075];2;3;11;25
['cell'];['virus'];['hiv'];['env'];[30971821, 30974085];2;3;11;26
['cell'];['virus'];['virus'];['virus'];[31391513, 31199457, 31480411, 31437223, 31234302, 31181775, 31068585, 30944182, 30825471, 30578938, 30657940, 30597844, 29997328, 29642420, 29382551, 29495551, 29186766, 28600653, 28611428, 28573614, 27936158];2;3;12;27
['cell'];['virus'];['virus'];['infection'];[30778353, 31554684, 31034770, 30996097, 30909570, 30759393, 30795592, 30761132, 30355696, 30587835, 30563084, 30239745, 30275474, 29504924, 29487367, 29215596, 28978699, 28842478, 28433538, 28677644, 28639618, 28531150, 27251172, 31079914];2;3;12;28
['cell'];['virus'];['virus'];['animal'];[31300658, 31421968, 30941148, 30755678, 30866763, 29878131, 29889278, 30381349, 30227598, 29384100, 28545034, 27825980];2;3;12;29
['cell'];['gene'];['gene'];['genome'];[30406402, 31080080, 30694488, 30496396, 30282756, 29177430, 28957508, 28626454, 17152059];2;4;13;30
['cell'];['gene'];['gene'];['gene'];[31243333, 31113981, 30965637, 30753595, 30820706, 26802169, 31508375, 30897407, 31294051, 30655545, 31410392, 30635591, 30547403, 30239883, 29888277, 28889256, 28911906, 29109543, 28874087, 28077561, 28161487, 27935059, 27824140, 27645994, 27771071, 27207477, 27402421, 23576200, 19455485, 30381297, 2641134, 24503203, 28988713, 12714915, 11114258, 10590436];2;4;13;31
['cell'];['gene'];['strain'];['strain'];[30662307, 29046740, 27816261, 26611166, 31198092, 31555608, 31192160, 31039174, 30761099, 30300968, 30342546, 30161132, 29945196, 29479518, 28558126, 28613142, 28362305, 28300765, 27872242, 28154560, 31417509, 2174532];2;4;14;32
['cell'];['gene'];['strain'];['sequence'];[29780368, 29326675, 31320424];2;4;14;33
['cell'];['gene'];['system'];['mutant'];[31284626, 25780285, 31262835, 31118484, 31114557, 31105650, 30530734, 30381402, 30301802, 30294312, 30222737, 29950411, 29986895, 29784885, 29922253, 29594066, 29158279, 29343644, 28924030, 28676791, 28573107, 28060920, 27933275, 28790370];2;4;15;34
['cell'];['gene'];['system'];['specie'];[25028208, 31455740, 30858293, 31471263, 31028374, 30322750, 30498489, 30427929, 29187839, 28988383, 27826682, 28189381, 28373867, 27432973];2;4;15;35
['cell'];['gene'];['resistance'];['resistance'];[31115938, 31332077, 30783004, 30323043, 29602064, 29675007, 29439977, 28572328, 27505638, 28069647, 28052850, 27891118, 27572407, 29466812];2;4;16;36
['cell'];['gene'];['resistance'];['antibiotic'];[31299566, 30637660, 30012729, 29599521, 29319470, 28574259, 28399941];2;4;16;37
['cell'];['gene'];['mutation'];['metabolic'];[30970654, 29578370];2;4;17;38
['cell'];['gene'];['mutation'];['mutation'];[31309003, 31058389, 29373757, 29478779, 28941705, 28032338, 31401343, 31398831, 31513803, 19200527, 15179309, 12551913];2;4;17;39
['cell'];['gene'];['mutation'];['miltefosine'];[31112372, 30926633, 25633667, 30833355, 27911896, 27457482, 26894479];2;4;17;40
['cell'];['gene'];['mutation'];['gene'];[31243098, 29131691, 29642543, 29431636, 30761183, 19006237, 17397053, 16652336, 12676897];2;4;17;41
['cell'];['gene'];['mutation'];['cdiamp'];[28125586, 31332069, 29659565, 31481669, 31091803, 29198720];2;4;17;42
['cell'];['protein'];['tumor'];['cancer'];[19068390, 31557059, 31547326, 31484705, 31323370, 30834519, 31195751, 30987998, 31275146, 31116985, 30771434, 30679790, 30920390, 30289978, 30605689, 30513023, 30595157, 31558563, 31409741, 30079142, 30020826, 12083846];2;5;18;43
['cell'];['protein'];['tumor'];['tumor'];[31566607, 31540319, 31404614, 31078733, 31359758, 31053248, 30531694, 31190995, 31080749, 31052304, 31024848, 30975481, 30951236, 31015945, 30906655, 30610060, 30342749, 31012711, 30669416, 26069097, 31551419];2;5;18;44
['cell'];['protein'];['protein'];['disease'];[31083455, 30468118];2;5;19;45
['cell'];['protein'];['protein'];['interaction'];[31562898, 31311175, 30931906, 30453244, 31267465, 31483703, 30951783, 28430776, 29146341, 30974751, 29567136, 29929983, 29487210, 28917047, 28929087, 28408474, 29536362, 18317975, 2250932, 16376289, 11723824];2;5;19;46
['cell'];['protein'];['protein'];['membrane'];[26230734, 31034693, 30804404, 30234483, 29178440, 29088296, 28340510, 18284914, 17509839];2;5;19;47
['cell'];['protein'];['protein'];['formation'];[31166845, 31181156, 31130069, 31067453, 31111528, 30808163, 31024468, 30321632, 29717709, 29806016, 29158377, 12392546];2;5;19;48
['cell'];['protein'];['protein'];['protein'];[31535851, 31513346, 31499160, 31325636, 31528692, 31191299, 29264761, 30972049, 30862887, 30862090, 31267460, 30652083, 31505169, 28536478, 24024162, 30611498, 30580688, 29444822, 25708389, 25925260, 27159614, 31231973, 31244811, 31097469, 30415939, 30209650, 29582546, 29579782, 29872743, 29414245, 29457857, 29651020, 29657864, 29379481, 29299530, 28983103, 28613140, 28497735, 28667632, 27523305, 28357328, 27685470, 27600534, 30953147, 28495838, 23536989];2;5;19;49
['cell'];['protein'];['cell'];['activity'];[31415773, 31260659, 31023848, 30853184, 31128272, 31054220, 31057061, 31454557, 25753550, 24879868, 29890544, 29259162, 31232084, 31518758, 30456314, 29913265, 29672589, 29543369, 29407945, 29153649, 29311364, 28082345, 27981418, 27296672, 31502756, 31154896, 30766473, 2250938, 2123533, 2641072, 16286790, 15082343, 14992794, 12888256, 12818474, 12199626, 11482897, 10049663, 10100153, 3380648];2;5;20;50
['cell'];['protein'];['cell'];['cell'];[31444479, 31087193, 30879412, 31057732, 30972325, 30893598, 30745143, 30661739, 30636158, 31461836, 30824432, 30567956, 30184768, 26704999, 29544835, 29288805, 29161278, 27825512, 24480480, 31504767, 31430343, 30955056, 30776195, 31209261, 31154068, 31085558, 31254444, 31227784, 30904305, 30936559, 31105520, 30804500, 30845147, 30395241, 29534987, 29273916, 28917046, 29154995, 28920054, 30108851, 27780967, 27889162, 28540705, 27576575, 21761386, 31087127, 2250949, 2250941, 2250939, 2250927, 2641105, 14668060, 10077648, 10556845];2;5;20;51
['cell'];['protein'];['cell'];['muscle'];[31222587, 30601705, 30770439, 25752964, 28994284, 25582423, 30678043, 29759974, 29326365, 28826789, 27911767, 26561642, 26563389, 26698173, 26820262, 25037825, 30904313, 27102410];2;5;20;52
['cell'];['protein'];['cell'];['expression'];[31093963, 31320994, 30655165, 31274082, 30279516, 31353772, 31406184, 30753812, 31077782, 30996144, 26745676, 30627906, 28546118, 28612726, 25406019, 28383761, 29429126, 31109992, 30936483, 31173604, 31004086, 30886206, 30760492, 30230598, 30679571, 30216637, 30037846, 29662062, 29541027, 29403489, 28724662, 28481226, 28191908, 28484684, 27856402, 27559048, 27561453, 30254208, 2263394];2;5;20;53
['cell'];['protein'];['cell'];['receptor'];[31476329, 31410978, 30692633, 30522012, 29855541, 31544814, 31197415, 31154093, 30980935, 30880277, 29171950, 28839227, 27132234, 27091047, 27561605, 30941872, 30911096, 30429344, 30518940, 30333824, 30288079, 29718184, 27639913, 29459437, 29384096, 29020442, 28555259, 28654176, 28268199, 27870221, 28133580, 28052263, 27650530, 27609774, 27815442, 31237401, 30632096, 2174530, 2235014, 2250947, 2577053, 29750189, 16519528, 14694755, 12888260, 12972284, 10749581, 10471335, 1914496, 3503929];2;5;20;54
['cell'];['protein'];['mouse'];['mouse'];[31067083, 31136580, 31391339, 30862908, 31390560, 31304450, 30290197, 30327384, 30044452, 30191336, 28502695, 25398240, 25476696, 31271845, 31188623, 31158699, 31316206, 31057534, 30964929, 30249647, 29860025, 30366940, 29754432, 30097286, 30072701, 29736038, 29695416, 29892291, 29854835, 29134411, 29339744, 28539651, 28715356, 28659437, 28099999, 28323998, 28337144, 27940660, 27992534, 27600673, 21271508, 30674716, 28495965, 28104815, 26387839, 14595383, 9278160];2;5;21;55
['cell'];['protein'];['mouse'];['immune'];[31402503, 31379856, 31243362, 30648630, 30676680, 30738870, 30707446, 27318739, 26472076, 26776288, 25696000, 31353801, 31285338, 31141689, 30915076, 30587532, 30386334, 29618989, 28968459, 28808158, 28522873, 28367818, 27771076, 27980857, 26918656, 29270952, 20632237, 30571969, 31327163, 30145624];2;5;21;56
['cell'];['protein'];['mouse'];['skin'];[30952606, 31017577, 29900173, 29118316, 28018862, 30878676, 30903721];2;5;21;57
['cell'];['protein'];['compound'];['activity'];[31260892, 30969460, 31270526, 31073604, 30951782, 31531044, 31299146, 31155628, 29551480, 29241819, 29301937, 28924204];2;5;22;58
['cell'];['protein'];['compound'];['inhibitor'];[31264794, 30916462, 31127318, 30798051, 31413915, 30669468, 31400554, 31382118, 31088715, 30986550, 31025169, 30903944, 30391856, 29390901, 30296687, 30839737, 30176535, 30015078, 29363794, 29681152, 29197225, 29377887, 29268128, 28274160, 27589035, 28110961, 27586694];2;5;22;59
['cell'];['cell'];['cell'];['cell'];[31447347, 31437493, 31431722, 31324890, 30777494, 31475004, 31328154, 31028740, 31358527, 31336175, 31296574, 31118283, 30787107, 30965622, 30864951, 30906665, 30593830, 30559202, 30230038, 29248442, 27427148, 29264643, 23576949, 31154569, 25190476, 28682366, 30560457, 27932312, 31536779, 30740473, 30078552, 30056354, 29563190, 28991267, 29429978, 26402841, 26587804, 26608912, 26191063, 26331539, 31552057, 31527231, 31420892, 31437241, 31061167, 31182480, 31076446, 31213558, 31123897, 30928673, 30842324, 30758858, 30690705, 31063901, 30576835, 30894540, 30449685, 30842771, 30755435, 30718403, 30536524, 30184441, 30604748, 30374344, 30288342, 29696366, 29632146, 29424438, 29706958, 29163045, 28938026, 28875936, 28768913, 28710252, 28468967, 28386934, 26794911, 28137827, 28146579, 28395797, 27612856, 27883012, 17488477, 16724094, 16251995, 15325562, 10986560, 10397991, 9309253];2;6;23;60
['cell'];['cell'];['cell'];['cell'];[22411898, 31558799, 31400956, 31398365, 31277925, 31560361, 31522999, 31500804, 31447390, 31443490, 30977188, 31471457, 31410026, 31294801, 31222145, 31060736, 30868511, 30573507, 31413924, 30668799, 30987217, 30979550, 30984242, 30712990, 30482853, 30729474, 30535996, 30484110, 30723586, 30446570, 30338930, 31336611, 31289929, 30657875, 26639472, 26969261, 25996368, 27028579, 24299059, 31446799, 27708334, 26862742, 29868016, 24570437, 12837745, 11865398, 31548274, 31532375, 31389734, 31379772, 31277500, 31251786, 31212706, 31167147, 31282892, 31036767, 30782567, 30894474, 31141927, 30951556, 30947980, 30846990, 29925903, 30192439, 30185518, 30301935, 30097529, 30012727, 31225488, 29909133, 30003063, 29236227, 29434608, 29361692, 29177738, 29276700, 29048384, 28978468, 28893638, 28549840, 28409324, 28832671, 28628632, 28567031, 28387753, 28262752, 28264998, 27994072, 28067833, 27973535, 27768059, 27481847, 31243642, 30352800, 2250948, 2250928, 1701235, 2641061, 2518136, 28548249, 26661417, 20536846, 18253836, 14739064, 14688434, 12888253, 12559407, 11400126, 10689623, 9570077, 9856283, 8731207];2;6;23;61
['cell'];['cell'];['tumor'];['cell'];[31547627, 30442946, 29395859, 29117898, 31430054, 31409873, 31319822, 31088838, 31099456, 31244851, 31211234, 31146345, 31139329, 30414937, 30895167, 30451398, 30857565, 30387907, 30691027, 30468711, 31134502, 27747091, 21866548, 25921482, 30037967, 29411361, 31352052, 30039195, 30622924, 28956813, 31271515];2;6;24;62
['cell'];['cell'];['tumor'];['cell'];[31540386, 30882895, 31557464, 31481761, 31444380, 31440166, 31371506, 31004380, 31241171, 31143518, 30604643, 30940805, 30496853, 30800125, 26586017, 31379752, 31322702, 26160035, 31407144, 30117104, 29808366, 28074226, 28035332, 20229453, 17886196, 31168637, 30243784, 30701288];2;6;24;63
['patient'];['patient'];['patient'];['risk'];[28414610, 31286317, 30287350, 28629781, 27595465, 27651007, 19195499, 29489129, 31390972, 31472817, 31496834, 31522771, 31471043, 31234697, 31116485, 31151848, 31115470, 30499605, 30955866, 30953328, 31116521, 31092323, 30846212, 30828768, 30166425, 30712411, 30600082, 30799151, 30774786, 29988884, 28402955, 31077020, 31410193, 30703836, 30274916, 29216666, 28837277, 28703535, 25596672, 25734680, 31013491, 29938201, 29430795, 29132793, 28378243, 31207662, 25290920, 23424035, 19591086, 19370513, 31270550, 31240339, 31281872, 31560082, 30488094, 29887270, 30194482];3;7;25;64
['patient'];['patient'];['patient'];['treatment'];[31421997, 31455853, 31318983, 31231611, 30816809, 31447334, 31447331, 17493469, 31473026, 31202949, 31155367, 31353412, 30843036, 31109766, 30867148, 30728099, 29988675, 28365622, 31299637, 30471880, 30508852, 30144939, 29921185, 29071575, 29183634, 28579289, 27349588, 27900565, 28387109, 27884033, 27624808, 27146404, 26645664, 30366717, 30705338, 30541860, 29967605, 28884303, 28445619, 28159172, 28772332, 29212108, 29017221, 26205843, 25668610, 25006841, 24497048, 25290921, 24824462, 24658896, 23247597, 20960393, 22006411, 20376769, 19517358, 17538860, 15553355, 31454113, 31218417, 30887079, 31426590, 31084452, 30937481, 31223391, 30916904, 30698145, 2263382, 2641067, 2641070, 16465818];3;7;25;65
['patient'];['patient'];['patient'];['patient'];[16816536, 9849477, 9752283, 9268949, 31148683, 3356201, 1963272, 30767472, 22871670, 12591043, 30653255, 30864168, 30679826, 30872388, 31148739, 30848074, 30813617, 31447979, 2350751, 2065420, 31427745, 31370748, 31313832, 30972712, 31379343, 31448036, 31057083, 30683481, 30821134, 30471092, 30754709, 30675825, 29133564, 25097966, 29250658, 31115696, 25102815, 30536069, 23471347, 23777797, 24932163, 24933987, 27400631, 28659670, 18760683, 29165435, 30097895, 28493185, 23479961, 28376070, 26408867, 31476909, 30959155, 30654107, 31245938, 30236455, 30226195, 30555416, 30012870, 29987100, 29904793, 30627312, 29065431, 29880653, 28904697, 28721707, 28220241, 27464740, 27636201, 26853955, 26001807, 24450839, 31400471, 31073653, 31010864, 30408591, 30203904, 30755819, 29991274, 29660162, 30530411, 30120646, 29378342, 28526094, 27349711, 28783864, 25962567, 27723915, 25599139, 24901544, 24715430, 25668606, 24301553, 23999694, 22875731, 21312157, 19708009, 29418106, 23560522, 31506756, 31205066, 30048999, 30816579, 30607663, 30301637, 29439805, 2235011, 2641139, 2641120, 2641116, 2641079, 2263383, 2263381, 2250953, 2641111, 2641074, 27129436, 21597885, 19437814, 2077323, 2569877, 3385126];3;7;25;66
['patient'];['patient'];['patient'];['survival'];[18242076, 8696715, 30512336, 29620995, 29353165, 26381515, 24114964, 17876335, 31128325, 30924137, 31527819, 31270102, 31128326, 31439677, 31427719, 31111177, 31411521, 30846862, 31363160, 31271887, 31262738, 30401970, 31292142, 30993417, 30614531, 31246277, 30930192, 31038408, 31087564, 30597620, 30467839, 30082853, 30723110, 30243581, 30770870, 30050122, 29907809, 29967379, 29290368, 19232884, 17405567, 31339491, 31427688, 30606789, 29684654, 28550507, 21609651, 26439700, 31136102, 27951600, 30038037, 29296926, 25377229, 20577949, 31170827, 30193804, 31150604, 30194728];3;7;25;67
['patient'];['patient'];['patient'];['care'];[27562520, 29567281, 15098745, 31281038, 31126678, 31148717, 30898418, 14968148, 18209696, 31548824, 31100109, 30721141, 31150825, 30990337, 30765503, 30760415, 27604164, 31049654, 31436062, 30892841, 29561569, 29165736, 28815318, 28696598, 26261924, 31350634, 31273646, 30685804, 30324540, 30154068, 29594798, 27827383, 29212107, 28505685, 28222476, 28407674, 28114708, 25668607, 23011768, 22477484, 22083288, 21437857, 21113873, 20827645, 21069626, 18098068, 31494929, 31361418, 31147074];3;7;25;68
['patient'];['patient'];['cancer'];['breast'];[31562924, 31378461, 31176579, 31412533, 31354487, 31358114, 31244990, 31228259, 31208698, 31118521, 31107542, 31086113, 30853114, 30634106, 30820448, 30577708, 30740056, 31217513, 30905377, 25826681, 28600510, 25576545, 21256046, 31147626, 30570229, 29567279, 28214182, 20577948, 30518157];3;7;26;69
['patient'];['patient'];['cancer'];['grade'];[20538205, 11605181, 10802868, 7715291, 31464932, 31381147, 30936027, 30936025, 30659268, 30905627, 30850152, 30704955, 30709790, 30686724, 30447470, 23317352, 30280290, 27527567, 28120528, 2641092];3;7;26;70
['patient'];['patient'];['cancer'];['cancer'];[16459666, 10617819, 7489177, 26891708, 30311107, 17191350, 26429989, 24691191, 18495574, 17338095, 17086629, 16123010, 19336008, 18501297, 17450665, 31501025, 31495737, 31422001, 31202559, 31543271, 31535076, 31471253, 31425602, 31084914, 31208108, 30935573, 30795607, 30409748, 30733192, 30638624, 30516690, 30765080, 30616840, 31307878, 30587597, 30292801, 31116522, 28120338, 25164876, 29259274, 25638550, 22383377, 30897312, 29931438, 24560334, 30071539, 28196386, 26984109, 26398407, 25750096, 23576199, 22477483, 20582875, 21725908, 21837588, 20827638, 18600615, 30242554];3;7;26;71
['patient'];['patient'];['cancer'];['chemotherapy'];[9587389, 31208575, 7703551, 27338193, 25206264, 22111744, 19726540, 12094341, 31307630, 30977385, 30907190, 31126679, 31061802, 31069152, 30639379, 30451549, 29143893, 28671728, 29705787, 25491892, 26548904, 28656543, 30262395, 29857942, 27644904, 22843758, 19756431, 29957366, 22033912, 26022230, 26776287, 28266346, 24615668, 30512606, 31373461, 31312329, 31147075, 30527189];3;7;26;72
['patient'];['patient'];['cancer'];['treatment'];[16459664, 24803080, 25175343, 20493436, 15000326, 31322911, 31331337, 31352137, 31297240, 30527396, 28176241, 30008616, 27524910, 26557893, 30614479, 30114723, 29270953, 29341047, 27603945, 25489867, 24006195, 21725907, 30793796, 28979658, 31133226, 31228033, 30801428];3;7;26;73
['patient'];['use'];['risk'];['obesity'];[25097163, 31434293, 30704626, 30739754, 30620339, 30659860, 30832279, 27283483, 31185843, 31288657, 30994987, 31208147, 30984019, 30892842, 31206264, 30673177, 30060614, 29868598, 29867515, 29475604, 28431668, 28639757, 28404576, 28721704, 28645355, 27329707, 25220580, 28302572, 26567198, 30553801, 28942748, 20632239, 30512543];3;8;27;74
['patient'];['use'];['risk'];['risk'];[18663989, 31407831, 31115326, 16479964, 31510768, 31407609, 30366119, 31166094, 31050239, 31151845, 30621917, 30875159, 29489127, 31489492, 31206273, 30671595, 30219206, 29871576, 29174931, 28718189, 28892318, 28727345, 27195533, 28677927, 27464739, 30512646, 25921803, 30416941, 29544814, 29676868, 29149701, 28806749, 27664363, 28114706, 23132319, 19137501, 31560081, 31472994, 31520802, 31290540, 31282834, 30928124, 2641138, 9026307];3;8;27;75
['patient'];['use'];['risk'];['disease'];[31487908, 31451357, 31045351, 30711200, 30527643, 30804678, 16479963, 1290395, 31553934, 31404429, 31206274, 30988677, 30771475, 30320456, 19655109, 27999087, 27041798, 23098372, 31206263, 31071737, 30994986, 30342794, 29877649, 29337446, 28905441, 29157484, 28495326, 27457360, 25951323, 27005333, 26278157, 25916759, 25722307, 29656283, 30652662, 30621318, 30451673, 29122409, 30840392, 28505689, 27603947, 20827643, 20827639, 22048874, 20632243, 19370514, 18431714, 18454359, 31206280, 31140765, 31197391, 30916903, 30709635, 30406811, 2250934, 30879835, 30271916, 21402236, 19361679, 11344715, 8205341];3;8;27;76
['patient'];['use'];['risk'];['tumour'];[16459667, 16459665, 16459668, 18501298, 30503930, 30943495, 23360048, 23582924, 22628181];3;8;27;77
['patient'];['use'];['risk'];['exposure'];[26146316, 30811691, 25833897, 30821643, 31114501, 31288655, 28643175, 26603908, 26655259, 26585272, 25590591, 30977732, 30847337, 31291669, 31185518, 29883976, 26935046, 23580457, 19768665, 31101331, 31286146, 31133227, 30350112, 30674003, 2641140];3;8;27;78
['patient'];['use'];['article'];['medical'];[31023481, 27814800, 31471254, 30962422, 28603762, 25696747, 31445720, 31085298, 31116524, 31006577, 30753615, 28423857, 31436060, 30483963, 30874830, 30629367, 30431242, 31084805, 29926561, 28703546, 27117996, 27112521, 28457702, 30408830, 26200200, 26171714, 21484616, 20143284, 29537157, 27181823, 27386047, 27462384, 19686906, 11640706, 29272609, 31096279, 30916905, 30583751, 30979558, 30554873, 2641068, 2257672];3;8;28;79
['patient'];['use'];['article'];['clinical'];[25766918, 16777404, 31540838, 31473088, 31455590, 31447340, 31444078, 31394799, 29327252, 31462645, 30884986, 31043141, 31259173, 30803860, 30565189, 30972291, 30855016, 30536466, 30612698, 30448095, 30595196, 30527238, 25128078, 29153219, 15881845, 8920554, 31496190, 31488252, 31399886, 31542202, 31504368, 31321658, 31195299, 31466722, 31279350, 31208960, 29992264, 31116523, 31222301, 31116520, 30195945, 30997972, 30882141, 30878420, 30767440, 30732722, 26415265, 25904323, 18820979, 28506663, 31092901, 30847884, 30056975, 30136463, 29691690, 28424994, 26036679, 31209005, 30893007, 30630637, 30474047, 30291703, 30217027, 29616633, 28822631, 28357917, 27974411, 27818369, 30763953, 28753704, 31083751, 28222477, 26937647, 28558398, 26523835, 25290922, 24824463, 20857374, 20013607, 17763311, 29249250, 29249248, 30116831, 24365497, 29221586, 25749834, 24268041, 22543942, 9544481, 31498461, 31487101, 31433146, 31065734, 31023622, 30968377, 31212897, 30916908, 30583757, 30583755, 30583753, 2641100, 25674499, 30049569, 16978798, 7609402];3;8;28;80
['patient'];['use'];['article'];['article'];[31534634, 31289621, 30232413, 30996258, 30504789, 30879376, 30864104, 29880894, 31327117, 30644405, 30177744, 29249246, 25539754, 23189342, 30944482, 30999949];3;8;28;81
['patient'];['use'];['article'];['device'];[31395941, 31308536, 30558863, 29903693, 26036425, 25851050, 25861963, 31116395, 30351358, 31436059, 27624810, 26631395, 27567439, 28104283, 29429505, 2641143, 12045920];3;8;28;82
['patient'];['use'];['article'];['work'];[19258221, 30580912, 26145421, 25267323, 31253356, 31178070, 31060972, 30683308, 29948471, 30691975, 30683628, 30573778, 30458966, 25850944, 20390065, 12613368, 15714857, 31542331, 31492459, 31062751, 29439009, 22567741, 26481067, 28597909, 24431116, 31148424, 30585890, 29876616, 29973985, 29561573, 28646329, 26205985, 26776686, 25945911, 25734595, 31376994, 28850145, 29341032, 26926396, 23225407, 21412707, 19343614, 26792412, 30594284, 29452654, 24953622, 14626258, 15984313, 12444526, 8060911, 2663555, 31560079, 31538732, 31122657, 30999785, 2250930];3;8;28;83
['patient'];['use'];['study'];['sample'];[30426328, 30648442, 30728408, 30995814, 28823752, 26517644, 30503493, 29603452, 30680567, 30240811, 30319564, 29869602, 30024965, 28590068, 28798333, 28674045, 28598339, 28486534, 27575729, 27494088, 20544587, 30085212, 2701327, 16843025, 2257658];3;8;29;84
['patient'];['use'];['study'];['woman'];[26263710, 31387843, 30616743, 30652420, 31307879, 31293514, 31144512, 30879326, 23489704, 28615864, 30994983, 28575922, 28028035, 25890827, 25499404, 31407606, 30944187, 30411802, 29967393, 29997071, 29618502, 29284009, 29075246, 28096198, 28505207, 28279264, 28337387, 27538188, 23677552, 23247595, 17948173, 30582717, 31072120, 31179791, 2641082, 16910112, 16704023, 12848006, 11808374];3;8;29;85
['patient'];['use'];['study'];['mutation'];[31495643, 31152759, 30515673, 31068650, 30661782, 21919298, 31245841, 31068683, 30196345, 30338755, 31274097, 28555288, 27133367, 30827197, 28449136, 28783863, 29110021, 29654602, 31379041, 31098692, 31006539, 30765103, 30416009, 31544997, 30710461, 28973654, 22145250, 12868035];3;8;29;86
['patient'];['use'];['study'];['genome'];[27894504, 29845440, 31153520, 30058136, 29526232, 29401524, 29051240, 29048594, 29025937, 28982987, 28912765, 27917645, 27834700, 27594144, 27587833, 9545411];3;8;29;87
['patient'];['use'];['study'];['study'];[25934530, 31159941, 31254090, 31079297, 31247897, 31235833, 31118054, 30535576, 1087820, 31537146, 31377538, 31235866, 31182170, 31342831, 31315273, 30920090, 31043876, 29271329, 26415264, 26643380, 21510549, 31352169, 28000563, 28254009, 29258921, 29611327, 30640963, 19939770, 31515671, 31484828, 31034334, 30880355, 30273936, 30703846, 30792947, 30300478, 29762240, 27732554, 27343461, 28387076, 26254966, 25582724, 29028270, 29879485, 25347579, 30619143, 30425150, 30300375, 29475568, 29327413, 29395717, 29152919, 29293630, 29403652, 29102110, 28755940, 29043961, 28735213, 28719310, 27956420, 27451939, 27424947, 27286922, 26458127, 23700135, 21412705, 20013542, 20632240, 27509413, 27767281, 17244515, 31499552, 31462546, 30707281, 31086193, 31039990, 2235013, 2250944, 2250942, 2250971, 2250967, 2250961, 2235012, 2641130, 2641101, 2641095, 2641089, 2641060, 23815026, 17933358, 12324875, 12150092, 11161728, 8205343, 1394277, 2826932];3;8;29;88
['patient'];['use'];['test'];['group'];[19699449, 31471250, 31295002, 31447343, 31276313, 31293971, 31249831, 30731437, 30359081, 11233483, 31545157, 31108087, 31399487, 31164003, 31250129, 30732853, 30286704, 28681283, 23421902, 21410809, 24383334, 29909668, 28581835, 23680730, 17244163, 29684678, 31288663, 30255305, 28535838, 29346411, 28805266, 28318622, 28073732, 29156455, 25853269, 21113874, 20632242, 20632238, 18546083, 2235019, 2235017, 2235015, 2250946, 2641133, 2641114, 2641106, 2641073, 2250965, 2250963, 2250951, 2235018, 2235006, 2250935, 2250933, 2701329, 2701328, 2641087, 2641062, 30955899, 28107424, 26778986, 25759637, 19894449, 19003978, 15610973, 15082153, 14746867, 12204649, 11428172, 11413004, 8927304, 2366478, 2635197];3;8;30;89
['patient'];['use'];['test'];['pressure'];[22560124, 31373166, 21919293, 31347913, 31416359, 31197492, 31159535, 31156454, 21126696, 23345959, 30226654, 31533174, 22987327, 2235007, 2641126, 2235002, 1978278, 2641142, 2518138, 2641078, 19668462, 17265798, 12542381, 12204712, 10644426, 9878218];3;8;30;90
['patient'];['use'];['test'];['method'];[26890381, 31136810, 30789394, 30735151, 30590840, 30586936, 30402715, 28580729, 29715478, 28211278, 29943530, 23294453, 24614718, 24056027, 29881432, 28102426, 30459619, 31393180, 28873645, 30455777, 25276184, 25990439, 28526986, 24906931, 31481443, 30932474, 30605756, 30158585, 29628252, 29475480, 29867822, 29678918, 29359557, 28892681, 28790932, 28443935, 28211967, 28701014, 28196385, 26444134, 25489868, 25003906, 26894391, 23247596, 20957599, 19670105, 20013538, 18484547, 27879100, 31436152, 30937480, 31387131, 30916906, 30630638, 2250958, 2250936, 2641124, 2641118, 2518137, 2263393, 2263387, 2250957, 2235008, 2250943, 2174531, 2577054, 2641085, 28131754, 28981226, 22483762, 18584976, 18345210, 9183909, 2621306];3;8;30;91
['patient'];['use'];['test'];['test'];[26263711, 31225938, 30413290, 24841496, 31383961, 17109688, 30468116, 27990466, 31287048, 31005403, 30701339, 30732137, 29137938, 28780244, 28598373, 28279257, 28343420, 27765564, 30134460, 30304755, 26649597, 25970120, 25003902, 23325729, 23516165, 21830178, 21560113, 21154201, 19012225, 31556491, 30920739, 2250964, 2250937, 30102905, 28736342, 27934544, 20437170, 14622950, 2208502, 24925659];3;8;30;92
['patient'];['use'];['test'];['eye'];[18711696, 2263390, 2263386, 2250968, 2250960, 2235009, 2235001, 2250940, 2641129, 2641122, 2641077, 2263385, 2250959, 2250945, 2250929, 2174529, 2641066, 21314534, 30662427, 21745493, 19522318, 11471445, 11402382, 10180515, 7493123, 2695563];3;8;30;93
['patient'];['use'];['drug'];['tuberculosis'];[31486316, 30591271, 30688210, 29643428, 29343690, 29116026, 28684564, 28336304, 28349973, 27834714, 29017219, 28651293, 30165712, 29462832, 27931054, 25970122, 25006843, 22328186, 22415692, 20827640, 20213596, 20533169, 19259916, 18855309, 18841542, 18770479];3;8;31;94
['patient'];['use'];['drug'];['drug'];[20699332, 19101138, 30512542, 30868436, 30627938, 29051121, 24368104, 31564501, 26859118, 30215168, 29280391, 31349458, 28435058, 20546856, 29198152, 18761065, 31185262, 31526438, 30335252, 29489126, 30980302, 29061753, 28807917, 28739271, 28689867, 27713018, 27703673, 26227628, 25970121, 27119467, 21901272, 31282840, 31006564, 30170009, 28343650];3;8;31;95
['patient'];['lung'];['copd'];['copd'];[31537701, 31078215, 30804561, 30655277, 30804560, 30153695, 29954020, 29523017, 30895590, 30508846, 28505687, 27723914, 28982206, 26649596, 26458128, 28552256, 26458126, 26205842, 24615667, 24570269, 23999698, 25377228, 25003907, 22951937, 21656462, 22623039, 22362263, 22337330, 20827637, 22083291, 20533170, 15597254, 19137504, 20013539, 18320496, 19271289, 17661240, 18777465];3;9;32;96
['patient'];['lung'];['copd'];['combination'];[27890625, 31291670, 27512933, 22287057, 19941265, 17620231, 18398787];3;9;32;97
['patient'];['lung'];['copd'];['airway'];[30508847, 30408831, 21240843, 19322746];3;9;32;98
['patient'];['lung'];['respiratory'];['guideline'];[28492992, 18461538, 26444135, 24431071, 25295778, 24431072, 30895591, 23325398, 30776835, 29139100, 25229316, 20694945, 19708007];3;9;33;99
['patient'];['lung'];['respiratory'];['respiratory'];[31113755, 31408738, 30956204, 29040491, 30353485, 29313476, 27272327, 30895593, 28759934, 28407675, 28982205, 27411076, 27218214, 26335895, 26171712, 24715428, 24595853, 18855311, 25006972, 24664997, 23846430, 21437860, 20376770, 20632236, 19418389, 19291615, 19137502, 20091440, 18855310, 18398785, 18317981, 18317977, 18075966, 17659492];3;9;33;100
['patient'];['lung'];['respiratory'];['ventilation'];[31254520, 23828165, 31499560, 30759494, 20827646, 20376768, 28086246, 26789432, 26649598, 24668495, 25629262, 23818292, 21294061, 20827644, 19750411, 20632241, 19219768, 18027347, 18431701, 17602389];3;9;33;101
['patient'];['lung'];['respiratory'];['infection'];[31212586, 28705957, 29514356, 27912214, 25290919, 22294284, 19918719, 20143283, 20091441, 19890777, 20491002, 20455176];3;9;33;102
['patient'];['lung'];['asthma'];['reflux'];[25685756, 24323558, 19670100];3;9;34;103
['patient'];['lung'];['asthma'];['asthma'];[28520323, 27495092, 30149401, 29216678, 28651294, 25822009, 25489866, 26640964, 24615666, 25599141, 23700133, 20827636, 18320497];3;9;34;104
['patient'];['lung'];['pulmonary'];['chronic'];[30053958, 29758578, 30895588, 27064418, 24198237, 25290923, 18989840];3;9;35;105
['patient'];['lung'];['pulmonary'];['bronchiolar'];[30698043, 22287054, 22250053];3;9;35;106
['patient'];['lung'];['pulmonary'];['hypertension'];[31554525, 31495407, 30614292, 27931056, 25853270, 25750094, 24715431, 26220551, 21181642, 20827642];3;9;35;107
['patient'];['lung'];['pulmonary'];['pulmonary'];[30595221, 24480488, 15519844, 31513751, 31334208, 30923185, 30897313, 30793562, 30536247, 29046011, 31533175, 27585353, 26829606, 26444136, 26205841, 27931057, 27829255, 27050448, 25599140, 27168041, 26335897, 23797491, 23420227, 22076782, 20455177, 19219769, 19194840, 18777468, 17620232, 27601084];3;9;35;108
['patient'];['lung'];['lung'];['disease'];[25855088, 30812048, 29595012, 31499562, 30759496, 29046010, 26789431, 26335896, 27512930, 24595854, 23999697, 23468341, 24198238, 22692970, 22653533, 23161466, 22875729, 22083292, 20827647, 20827641, 21437858, 19937572, 20013540, 19862671, 19670103, 18535977, 18041691];3;9;36;109
['patient'];['lung'];['lung'];['lung'];[30850878, 26454656, 29269581, 31450596, 31537020, 30308693, 28222478, 29775975, 29341033, 27218212, 27177168, 29139101, 26637049, 28346958, 26894394, 25750095, 25668608, 27124367, 25006842, 26258419, 25046684, 22532047, 22477567, 21866491, 22875734, 21117020, 22477566, 22113452, 20922635, 20387196, 21442573, 21412706, 21344365, 19924618, 20635315, 19708006, 19670104, 20143281, 18975256, 18535980, 19259918, 18473290, 30569502];3;9;36;110
['patient'];['diabetes'];['diabetes'];['glucose'];[22808525, 22209680, 19830677, 31148425, 30935247, 30980170, 30980144, 30216941, 30286495, 30174137, 29851322, 29370710, 28628286, 28639760, 28639759, 28477753, 28981239, 27052231, 23549653, 25693857];3;10;37;111
['patient'];['diabetes'];['diabetes'];['diabetes'];[27052226, 16041859, 16035287, 30264585, 30980171, 30980169, 30980161, 30980151, 30862245, 31148426, 31148422, 30980168, 30980164, 30980158, 30980154, 30980148, 30645665, 30629366, 30213304, 31037194, 31037182, 30126628, 29975979, 30918564, 30869248, 30869246, 29765207, 29504184, 29851319, 29337445, 29414771, 28577736, 28727360, 28703534, 28253942, 28387100, 28671793, 27307163, 28671792, 27052250, 27052242, 27269776, 27071967, 27052237, 27052221, 27052219, 26776691, 26863486, 26323665, 25832443, 25703309, 25725623, 2147468];3;10;37;112
['patient'];['diabetes'];['diabetes'];['diabetic'];[30680968, 30431245, 29851321, 29058835, 28506691, 28639758, 28639756, 25782454, 25157094, 25903093, 2641136];3;10;37;113
['patient'];['diabetes'];['diabetes'];['metabolic'];[30825519, 26655260, 26850607, 25454091];3;10;37;114
['patient'];['diabetes'];['cardiovascular'];['also'];[31148423, 28639755];3;10;38;115
['patient'];['diabetes'];['cardiovascular'];['cardiovascular'];[31436061, 31148421, 30980152, 30897317, 30352589, 29851318, 28703538, 28525236];3;10;38;116
['patient'];['diabetes'];['cardiovascular'];['cardiovascular'];[31436058, 30997967, 30570234, 30136462, 29676870, 29926559, 29388411, 28892319, 28837279, 28671791, 28383856, 28383832, 25924044];3;10;38;117
['patient'];['diabetes'];['cardiovascular'];['database'];[29271137];3;10;38;118
['patient'];['diabetes'];['insulin'];['insulin'];[30785660, 31436057, 31486321, 30980147, 30980145, 30980160, 30980146, 30997973, 30793566, 30335259, 30262205, 29555548, 28736942, 29676875, 28608570, 28837278, 28387494, 26584826, 26795946, 26749289, 26776695, 25865149, 25656455];3;10;39;119
['patient'];['diabetes'];['insulin'];['glucose'];[31486312, 30998190, 30980162, 29702445, 29559406, 29851323, 29058840, 27374266, 26776689, 28459862];3;10;39;120
['patient'];['case'];['disease'];['disease'];[19268253, 30661512, 30409466, 7771880, 15966591, 22034134, 31097370, 31026367, 31116519, 30628988, 31120226, 31118289, 30826269, 30290909, 28763023, 30659008, 24693690, 23402254, 30386667, 25278693, 30562824, 31000881, 30570230, 30482120, 30468120, 30149891, 30224035, 30468119, 30086864, 29671012, 30043702, 30455812, 30376773, 31166875, 29174200, 29517874, 29338844, 29191934, 29171951, 28967604, 30278848, 31166874, 29058834, 28787751, 28943223, 28597214, 28457480, 28033216, 28727340, 27978517, 28237002, 28231889, 28074218, 28383837, 27230853, 27129928, 26709979, 26859730, 27003412, 26514950, 26463907, 26422071, 26461210, 26098187, 25497364, 25775171, 30707379, 30050354, 28343883, 31075795, 27926957, 27512929, 25970123, 22692971, 23828166, 23539365, 21866490, 21512974, 19890779, 19271290, 19768667, 30512605, 30512604, 31076814, 31429394, 31429390, 30937478, 31482274, 31468069, 31434126, 31001659, 31312332, 30963224, 31243549, 31175372, 30739800, 30838033, 31050275, 30942968, 30941468, 30874843, 30868254, 30408588, 30402687, 2250966, 2641137, 2641135, 2641112, 2641110, 2641090, 2250955, 2235016, 2235010, 30825406, 30983223, 29717154, 23819954, 22986080, 22557877, 22036553, 21126745, 19944482, 19932523, 18971858, 17571023, 12564312, 11828635, 12045980, 9894209, 2664325, 1621055];3;11;40;121
['patient'];['case'];['disease'];['lesion'];[19268254, 30177450, 31056233, 26387701, 29709960, 30328490, 28555378, 26480055, 29632569, 26080721, 29410787, 27218213, 24343241, 23846428, 20925020, 30512886, 31133225, 30762251, 28585342, 20887405, 31320184, 31534742, 31483587, 31444888, 31300830, 31289888, 31282839, 31538217, 31535157, 31529548, 31558922, 31276326, 31101924, 31433141, 31429395, 31278434, 31076811, 31342101, 31305963, 30659672, 30969492, 30895329, 30868255, 30569363, 31236629, 30916907, 30907453, 30816660, 31039704, 30887080, 30879803, 30875153, 30604601, 2263391, 2641107, 2641091, 3043101];3;11;40;122
['patient'];['case'];['syndrome'];['case'];[31542199, 30998997, 31448037, 30142439, 28491217, 26729064, 26072284, 30547021, 18264894, 6390393, 31076812, 30910338, 31066180, 31253459, 2641132, 28553957, 23541533, 17211317];3;11;41;123
['patient'];['case'];['syndrome'];['syndrome'];[31054780, 31404747, 31004414, 31202556, 31048282, 30661749, 31496175, 31390169, 31489085, 31489075, 30888095, 31182263, 30552424, 26162406, 30031153, 30335260, 30482117, 29549028, 29181552, 29212102, 29157485, 28129900, 28748012, 28721708, 26497935, 26069909, 28578473, 22249782, 22987326, 21267813, 20387195, 31305964, 31197392, 30666414, 30617520, 30837156, 30563806, 2250956, 2701326, 2174533, 2641144, 2641128, 2641109, 2641083, 30997966, 30983291, 30113788, 24035594, 18268443, 17072224, 12422458, 9410406, 2628476];3;11;41;124
['patient'];['case'];['case'];['case'];[31018240, 30540571, 31540702, 31558269, 31506229, 31373449, 31373458, 31373448, 31075433, 30808555, 30686471, 30286658, 31484624, 26876405, 30967932, 28381452, 28520327, 27303586, 26776685, 26104879, 25500066, 30341638, 30954366, 29663903, 27706210, 28841740, 26398408, 24615665, 24154847, 24006199, 22287056, 19924619, 20072959, 19259915, 18200456, 17929215, 23557992, 31489479, 31076816, 31073620, 31145079, 30680804, 30956063, 30694354, 30882350, 30478600, 2263388, 2250970, 2235005, 2641131, 2641108, 2641088, 2641084, 2641075, 2250931, 2641125, 2641121, 2641117, 27769583, 23514634, 16885832, 14534958, 8089423, 1954215];3;11;42;125
['patient'];['case'];['case'];['complication'];[9137725, 24560920, 31565122, 31194299, 31312292, 31303927, 27604672, 24494477, 30825139, 27200159, 23307297, 30892840, 30011405, 29561572, 26631083, 29046008, 26789429, 25629261, 24615664, 23055372, 21557142, 20391320, 18535979, 2641141, 2641059, 30857801, 19718989, 11887588, 10221199];3;11;42;126
['patient'];['case'];['case'];['patient'];[22071890, 31133634, 31059855, 31019700, 30512887, 15083625, 31536678, 31471042, 31395269, 31471041, 31362014, 31327544, 31373450, 31151718, 31195624, 31521418, 30935649, 30968758, 30149893, 25748290, 31205841, 27158533, 29884671, 30145566, 24315043, 27179157, 25366087, 22700347, 27376878, 29567339, 28493498, 27405413, 30358361, 31036383, 31231873, 30535900, 28180910, 28692232, 27642382, 26054868, 31402052, 30533347, 30918538, 30113778, 29780575, 29020280, 28447173, 28352651, 30512370, 24497049, 28753703, 29212106, 28701016, 26977753, 28346957, 26789428, 24006197, 22048872, 20925021, 19750412, 18777467, 31560078, 31392345, 31083748, 30341800, 2263392, 2250972, 2641102, 2641096, 2641094, 2641069, 2561859, 2641099, 2641097, 2641093, 2641058, 28831662, 27030164, 24028653, 24209786, 22039707, 20727619, 19853965, 16500528, 16446629, 11241846, 7722237, 2535434];3;11;42;127
['patient'];['case'];['tumor'];['mutation'];[31244646, 31212687, 29786512, 26077438, 30776432];3;11;43;128
['patient'];['case'];['tumor'];['insulinoma'];[29027568, 28979651, 28709170, 26873007, 11828636, 11240491];3;11;43;129
['patient'];['case'];['tumor'];['right'];[29541300, 29541315, 30453376, 22532049, 19890768];3;11;43;130
['patient'];['case'];['tumor'];['tumor'];[31367241, 30663521, 30325077, 30401946, 30878134, 30551794, 31533348, 25859432, 30027936, 31049677, 30107625, 30353360, 30131024, 30050632, 29158862, 28882600, 26116412, 29788513, 23749592, 19708008, 31143971, 2250952, 26072229, 25399839, 9805690, 2084565];3;11;43;131
['patient'];['case'];['eye'];['eye'];[2263384, 2250954, 2235003, 2250950, 2641104, 2641098, 2641086, 2641081, 2641071, 2641065, 2641063, 2263389, 2235004, 2641127, 2641119, 2641113, 2561860, 2641080, 2641076, 2641064, 30617564, 23618734, 22521740, 21439675, 21124235, 18423520, 17978672, 8326101, 2218130, 3432019];3;11;44;132
['patient'];['case'];['eye'];['visual'];[2250962, 2641123, 26070465, 17452944, 12527829];3;11;44;133
['stomach'];['stomach'];['release'];['drug'];[29649518, 25623023, 25078789, 25703356, 25771737, 28499200, 26689404, 31478760, 25723790, 26478311];4;12;45;134
['stomach'];['stomach'];['release'];['system'];[31480621, 29579953, 29641542, 28478382, 31006474, 30658752, 18539354, 26616643];4;12;45;135
['stomach'];['stomach'];['stomach'];['stomach'];[30406862, 30373200, 29797442, 30464175, 29248215, 28238948, 30528348, 27531133, 27618705, 26917098, 27338825, 27062028, 26730724, 26884394, 30603941, 30877824, 28365290, 26192439, 17937002, 28242610, 24227688, 26931013, 25519241, 30140706, 25197421, 26139528, 26222383, 23489062, 24301086, 25876361, 25518764, 30652692, 23620952, 24843981, 22936546, 23913946, 23691577, 23786010, 25273647, 22057798, 22951273, 27277918, 25380829, 23645637, 26805857, 27561232, 24587327, 25980991, 21752083, 23251548, 21307095, 21881298, 23883773, 21130891, 23233943];4;12;46;136
['stomach'];['stomach'];['stomach'];['method'];[25804916, 25931800, 21797945, 24505683, 18154103];4;12;46;137
['stomach'];['stomach'];['tumor'];['tumor'];[29926280, 24954081, 28141549, 26023592, 28329921, 27065688, 25731443, 26078584, 22029680];4;12;47;138
['stomach'];['stomach'];['tumor'];['patient'];[30094766, 28643978, 29991881, 30256015, 28202890, 31120665, 30777997, 29650941, 29509534, 28781325, 26957034, 25831180, 27117962, 30881708, 27628600, 24019212, 26805374, 28133328, 27799228, 26691192, 26611763, 24879750, 21332541];4;12;47;139
['stomach'];['stomach'];['tumor'];['cancer'];[24724606, 30874907, 27513891, 23622729, 26381304, 23687649];4;12;47;140
['stomach'];['stomach'];['stomach'];['acid'];[30304750, 28103315, 25873206, 27312602, 29098163, 29328350, 25063664, 27535578, 29724310, 24625807, 23410850];4;12;48;141
['stomach'];['stomach'];['stomach'];['stomach'];[30867328, 27019197, 30222996, 29722576, 26057579, 28084165, 26266486, 23790154, 24245792, 29429522, 23377119, 26355387, 30155707, 29021004, 29787502, 23113291, 24732181, 27293908, 30273455, 27589719, 22554936];4;12;48;142
['stomach'];['stomach'];['stomach'];['specie'];[27344948, 28365795, 27805297, 27339467, 29103381, 27765760, 28569619, 30412631, 29037491, 24168934, 25276953, 23372842, 27898939, 25915857, 27717574, 23941618, 29705903, 22806039, 25082451, 26964172];4;12;48;143
['stomach'];['stomach'];['stomach'];['rat'];[25941092, 30783831, 22468009, 27131951, 24958741, 24594240, 29322731, 25660285, 18587108, 23566555, 25596630, 24406009, 25070160, 23913876, 26212296, 24817623, 25460323, 24365710, 24140632, 24856383, 22542373, 22465216, 25097933, 26325685, 23159561];4;12;48;144
['stomach'];['stomach'];['stomach'];['mouse'];[25179640, 30982804, 26608361, 23826286, 29932067, 23991207, 21803885, 23036899, 20600542];4;12;48;145
['stomach'];['gastric'];['rat'];['sse'];[26215054, 30778924, 27404904, 27581811, 18358707, 24119563, 28886325];4;13;49;146
['stomach'];['gastric'];['rat'];['gastric'];[28841395, 29859303, 24254934, 31241706, 27151588, 27226185, 22314986, 26686297, 29657922, 29302869, 26418413, 28529239, 18044010, 22314987, 28045993, 23285225];4;13;49;147
['stomach'];['gastric'];['gastric'];['band'];[20609805, 30596369, 29946666];4;13;50;148
['stomach'];['gastric'];['gastric'];['biopsy'];[27206437, 30651919, 27170299, 26931263];4;13;50;149
['stomach'];['gastric'];['gastric'];['patient'];[26280126, 23035898, 25534492, 30637659, 24827073, 30878960, 27785936, 28730144, 30429434, 28124147, 28467284, 24858413, 26523109, 26907486, 28655944, 18208481, 24580041, 28619737, 25531491, 18430111, 24505369, 29634526, 25105162, 29225268, 23534277, 31030117, 30858342];4;13;50;150
['stomach'];['gastric'];['gastric'];['gastric'];[27443623, 27655148, 28263835, 29775189, 27739140, 29857136, 26342014, 25439064, 28953255, 27376331, 19368663, 30238091, 25261256, 24307675, 27634009, 28361321, 26615866, 30308252, 24727802, 29060828, 29561263, 22292613, 24837365, 23573309, 24309026, 23574771, 16850349, 27750091, 24051217, 23154977, 25025699];4;13;50;151
['stomach'];['gastric'];['gastric'];['tumor'];[30155561, 27526017, 24025679, 26376405, 22901464, 30604760];4;13;50;152
